h,k,l,hkl,R_hkl_no_LP
1,1,0,(1 1 0),0.341756008155
0,2,0,(0 2 0),2.48726603871
0,0,2,(0 0 2),3.01840735866
1,1,1,(1 1 1),11.381218438
0,2,1,(0 2 1),1.11087232104
1,1,2,(1 1 2),0.493101983549
0,2,2,(0 2 2),3.672743852
2,0,0,(2 0 0),2.1761896816
1,3,0,(1 3 0),1.57058634908
1,3,1,(1 3 1),4.4127174087
1,1,3,(1 1 3),6.82969061274
2,2,0,(2 2 0),2.86689468228
2,0,2,(2 0 2),3.52036052721
0,2,3,(0 2 3),0.68375661403
2,2,1,(2 2 1),1.33355209425
1,3,2,(1 3 2),2.58836815597
0,4,0,(0 4 0),0.582139944976
0,4,1,(0 4 1),1.90378488757
0,0,4,(0 0 4),1.50500530481
2,2,2,(2 2 2),4.78603182565
0,4,2,(0 4 2),0.988966372705
1,1,4,(1 1 4),0.275457009617
1,3,3,(1 3 3),3.1241347863
0,2,4,(0 2 4),2.08925253821
3,1,0,(3 1 0),0.132466637837
2,2,3,(2 2 3),0.965755057156
3,1,1,(3 1 1),4.6914758079
2,4,0,(2 4 0),0.846635691666
0,4,3,(0 4 3),1.42483115707
2,4,1,(2 4 1),2.80471000904
3,1,2,(3 1 2),0.232247017194
2,0,4,(2 0 4),2.21918692083
1,5,0,(1 5 0),1.79499568557
1,3,4,(1 3 4),1.69243055725
2,4,2,(2 4 2),1.5124056991
3,3,0,(3 3 0),0.823058142599
1,1,5,(1 1 5),3.82402103217
2,2,4,(2 2 4),3.22582523553
0,2,5,(0 2 5),0.389026330124
3,3,1,(3 3 1),2.37490588915
1,5,2,(1 5 2),3.23982321134
3,1,3,(3 1 3),3.72679814073
0,4,4,(0 4 4),0.696816382815
3,3,2,(3 3 2),1.50061717747
2,4,3,(2 4 3),2.304522653
0,6,0,(0 6 0),0.0333645792999
